"Cleaning Services, Al Dafna",Special offer ?C Female Cleaners Call us 30603076,30603076
"Cleaning Services, Najma",Call 33564224 - PEST CONTROL - MAID SERVICES - CLEANING - Sofa-Carpet ( Shampoo Cleaning).,33564224
"Cleaning Services, Doha",Canadian Managed Female Cleaners - 33217000,33217000
"Cleaning Services, Doha",Female Cleaners Available-Call/WhatsApp- 33231110,33231110
"Cleaning Services, Doha",CLEANING AND HOUSE MAINTENANCE SERVICE.CALL 70526557.,70526557
"Cleaning Services, Ain Khaled",house cleaning services 3hour 70qr call 74778366,74778366
"Cleaning Services, Al Gharrafa",CONSTRUCTION CLEANING SERVICES CALL / 31335599,31335599
"Cleaning Services, Doha",QHOLD - Pest Control Service CONTACT US:66444992,66444992
"Cleaning Services, Doha",CAR INTERIOR CLEANING 77163398. ,77163398
"Cleaning Services, Al Muntazah",LOOKING FOR CLEANING SERVICES?? 100% CUSTOMER SATISFACTION! PLEASE CALL US at 44277244/ 55,44277244
"Cleaning Services, Doha",Female Cleaners on Part-Time basis. Doha/Pearl Qatar/Al Khor/Wakra 44413462 (Min. 4 hrs),44413462
"Cleaning Services, Doha",BELLA ROSA PEST CONTROL SERVICE 70347224,70347224
"Cleaning Services, Doha",Call me if you need a part time cleaner 33024228,33024228
"Cleaning Services, Doha",Specialist In couch cleaning 77386680,77386680
"Cleaning Services, Al Mansoura / Fereej Bin Dirham","House/Villa, Office & Car Cleaning Service. (31052939)",31052939
"Cleaning Services, Al Gharrafa",Qatar Cleaning Service 55540273 (24 hours),55540273
"Cleaning Services, Doha",I looking house cleaning part time job plz call me 33602501(male only),33602501
"Cleaning Services, Al Mansoura / Fereej Bin Dirham",Cleaning and Pest Control / 66842970/ www.realfacilitiesqatar.com,66842970
"Cleaning Services, Doha",Sofa cleaning services 33865544,33865544
"Cleaning Services, Doha",Professional Mobile Car Interior Detailing Service Qatar Call us now 77416102,77416102
"Cleaning Services, Doha",MARBLE POLISH WORKS CONTACT:55501762/66696240,55501762
"Cleaning Services, Al Muntazah",GET CHEAPEST PRICE FOR ALL TYPE OF CLEANING SERVICE .CONTACT +974 55657875,55657875
"Cleaning Services, Industrial Area",30735959,30735959
"Cleaning Services, New Salata / Al Asiri",LADY COOK Part time Please contact 30940413,30940413
"Cleaning Services, Al Dafna",Philippino maids on hourly basis available-33680004,33680004
"Cleaning Services, Al Sadd","PART TIME COOK & CLEANER
AVAILABLE 77242418",77242418
"Cleaning Services, Other",Ali-Baba Cleaning Services....... Cell: 70987855,70987855
"Cleaning Services, Doha",DEEP CLEANING & GENERAL CLEANING 30582001,30582001
"Cleaning Services, Doha",pestcontrol in qatar 24 hours call 66470395 or 77437037,66470395
"Cleaning Services, Al Muntazah",Cleaning Services - Call/ Whatsapp - 55957958,55957958
"Cleaning Services, Doha",Female Cleaners/Maids Available @ 70596656,70596656
"Cleaning Services, Doha",car seat cleaning@ 200-250 QAR call:30689171,30689171
"Cleaning Services, Al Nasr",Air Conditioner Cleaning Services & Maintenance 66212911,66212911
"Cleaning Services, New Al Rayyan / Al Wajba","CLEANING SERVICES, /OFFICE, FLAT, HOUSE/VILLA/LOW PRICE /50840203/50840204/44817837",50840203
"Cleaning Services, Abu Hamour",sofa-carpet-Chandelier-curtain-marble cleaning call us on 66007972,66007972
"Cleaning Services, Doha",WHITEZONE PESTCONTROL call 77437037,77437037
"Cleaning Services, Mushaireb",A/C servising call 30730940,30730940
"Cleaning Services, Doha",please call me 33591157+31421791,33591157
"Cleaning Services, Doha",PERFECT CLEANING WITH AFFORDABLE PRICE / 70341812,70341812
"Cleaning Services, Doha",LIVE IN HOUSEMAID AT A VERY AFFORDABLE PRICE 77772537-50533380-74777546-74777570,77772537
"Cleaning Services, New Al Rayyan / Al Wajba","FEMALE-FILIPINA CLEANERS, 24/7 * AFFORDABLE GREAT DISCOUNTS * CALL US AT 70480802",70480802
"Cleaning Services, Al Sadd",FEMALE CLEANER/BEAUTICIAN AVAILABLE CALL @ 33336904,33336904
"Cleaning Services, Al Mansoura / Fereej Bin Dirham",Cleaners are available call 31245730,31245730
"Cleaning Services, Doha",A/C Service and fixing best price-30651089Whatsapp,30651089
"Cleaning Services, Umm Ghwailina","cleaning services call 77598405,33865544",77598405
"Cleaning Services, Mushaireb","part time
66453117",66453117
"Cleaning Services, Doha",A/C FRIDGE REFRIGERATOR CLEANING REPAIRS IN QATAR CALL ME 30565074,30565074
"Cleaning Services, Doha",Pest Control Service 70267584,70267584
"Cleaning Services, Najma",genaral deep cleaning servis call 50151535/31335599,50151535
"Cleaning Services, Doha","Excellent Cleaning, Maintenance & Pest control pls call:+97450059792",97450059
"Cleaning Services, Doha",pest / bed bugs control service 70925993,70925993
"Cleaning Services, Al Aziziya",Trust Facility Management Cleaning Services : 66789931,66789931
"Cleaning Services, Doha",call us 66458437,66458437
"Cleaning Services, Wakrah",HOSPITALITY SERVICE PROVIDER (Waiter/Waitress/Cleaners/Promoters/Saleslady) Call 50802031/,50802031
"Cleaning Services, Doha",BEST OFFER AWAITS YOU 70002806-33858444,70002806
"Cleaning Services, Doha",house cleaning services 3hours 70qr book 31414494,31414494
"Cleaning Services, Doha","CLEANING SERVICES ( OFFICE , HOUSE , VILLA, FLAT) AT LOW COST. CALL 70974127.",70974127
"Cleaning Services, Doha",Daily Cleaning Services-66294071,66294071
"Cleaning Services, Doha",AC SERVICE ( All Type) - call 33842999,33842999
"Cleaning Services, Al Khor",FISH AQUARIUM SERVICES (AlKhor) 50027174.,50027174
"Cleaning Services, Ain Khaled",General Cleaning and Hospitality Call:50912888,50912888
"Cleaning Services, Doha",CLEANING SERVICES AVAILABLE # 30340111,30340111
"Cleaning Services, Al Aziziya",Facility Management Services - contact: +974 74448002/+974 44411383,74448002
"Cleaning Services, Doha", CLEANING SERVICE -- PAINTING -- SOFA AND CARPET CLEANING -- PEST CONTROL-CALL 55109324 ,55109324
"Cleaning Services, Doha",Sofa and carpet cleaning very low rates 74777839,74777839
"Cleaning Services, Al Thumama",Make up your place wt my Help call 31318433,31318433
"Cleaning Services, Doha",Lady Cleaners Available Call : 70474711,70474711
"Cleaning Services, Muither",Filipino Females workers 50777880,50777880
"Cleaning Services, Doha","House, Offices & Swimming Pool Cleaning & Pest Control- 30659566",30659566
"Cleaning Services, Doha",Event Cleaning Qatar Call @ 44352768,44352768
